facility_id,total_providers,avg_years_experience,total_service_charge
FAC001,312,19.5630081300813,295508.13
FAC002,328,20.16078431372549,334992.21
FAC003,309,20.209205020920503,316284.98
FAC004,305,20.137014314928425,297283.06
FAC005,297,19.31972789115646,276658.83
FAC006,324,19.3811394891945,334927.3
FAC007,326,19.811676082862522,361811.04
FAC008,299,19.66868686868687,310735.25
FAC009,316,20.102970297029703,323315.71
FAC010,340,20.778181818181817,349909.18
