facility_type,region_y,mean_years_experience,std_years_experience,min_years_experience,max_years_experience
Hospital,South,19.3811394891945,10.872386004882548,1.0,39.0
Specialty Center,South,19.742690058479532,11.005988178301648,1.0,39.0
Specialty Center,West,19.73784355179704,10.806375993703774,1.0,39.0
Urgent Care,North,20.16078431372549,11.04401051893677,1.0,39.0
Urgent Care,South,19.88144329896907,11.140224811638715,1.0,39.0
Urgent Care,West,20.476419634263713,10.998825137865078,1.0,39.0
